instance,n,m,method,solved,valid,solve_time
"instance_3x3_1.txt",3,3,"heuristic",true,true,0.36500000953674316
"instance_3x3_2.txt",3,3,"heuristic",true,true,0.0
"instance_3x3_3.txt",3,3,"heuristic",true,true,0.0
"instance_3x3_4.txt",3,3,"heuristic",true,true,0.0
"instance_3x3_5.txt",3,3,"heuristic",true,true,0.0
"instance_3x3_6.txt",3,3,"heuristic",true,true,0.002000093460083008
"instance_3x3_7.txt",3,3,"heuristic",true,true,0.0
"instance_3x3_8.txt",3,3,"heuristic",true,true,0.0
"instance_3x3_9.txt",3,3,"heuristic",true,true,0.0
"instance_3x3_10.txt",3,3,"heuristic",true,true,0.0
"instance_3x3_11.txt",3,3,"heuristic",true,true,0.0
"instance_3x3_12.txt",3,3,"heuristic",true,true,0.0
"instance_3x3_13.txt",3,3,"heuristic",true,true,0.0
"instance_3x3_14.txt",3,3,"heuristic",true,true,0.0
"instance_3x3_15.txt",3,3,"heuristic",true,true,0.0
"instance_3x3_16.txt",3,3,"heuristic",true,true,0.0
"instance_3x3_17.txt",3,3,"heuristic",true,true,0.0
"instance_3x3_18.txt",3,3,"heuristic",true,true,0.0
"instance_3x3_19.txt",3,3,"heuristic",true,true,0.0
"instance_3x3_20.txt",3,3,"heuristic",true,true,0.0
"instance_3x3_21.txt",3,3,"heuristic",true,true,0.0
"instance_3x3_22.txt",3,3,"heuristic",true,true,0.0
"instance_3x3_23.txt",3,3,"heuristic",true,true,0.0
"instance_3x3_24.txt",3,3,"heuristic",true,true,0.0
"instance_3x3_25.txt",3,3,"heuristic",true,true,0.0
"instance_3x3_26.txt",3,3,"heuristic",true,true,0.0
"instance_3x3_27.txt",3,3,"heuristic",true,true,0.0
"instance_3x3_28.txt",3,3,"heuristic",true,true,0.0
"instance_3x3_29.txt",3,3,"heuristic",true,true,0.0
"instance_3x3_30.txt",3,3,"heuristic",true,true,0.0
"instance_3x3_31.txt",3,3,"heuristic",true,true,0.0
"instance_3x3_32.txt",3,3,"heuristic",true,true,0.0
"instance_3x3_33.txt",3,3,"heuristic",true,true,0.0
"instance_3x3_34.txt",3,3,"heuristic",true,true,0.0
"instance_3x3_35.txt",3,3,"heuristic",true,true,0.0
"instance_3x3_36.txt",3,3,"heuristic",true,true,0.0
"instance_3x3_37.txt",3,3,"heuristic",true,true,0.0
"instance_3x3_38.txt",3,3,"heuristic",true,true,0.0
"instance_3x3_39.txt",3,3,"heuristic",true,true,0.0
"instance_3x3_40.txt",3,3,"heuristic",true,true,0.0
"instance_3x3_41.txt",3,3,"heuristic",true,true,0.0
"instance_3x3_42.txt",3,3,"heuristic",true,true,0.0
"instance_3x3_43.txt",3,3,"heuristic",true,true,0.0
"instance_3x3_44.txt",3,3,"heuristic",true,true,0.0
"instance_3x3_45.txt",3,3,"heuristic",true,true,0.0
"instance_3x3_46.txt",3,3,"heuristic",true,true,0.0
"instance_3x3_47.txt",3,3,"heuristic",true,true,0.0
"instance_3x3_48.txt",3,3,"heuristic",true,true,0.0
"instance_3x3_49.txt",3,3,"heuristic",true,true,0.0
"instance_3x3_50.txt",3,3,"heuristic",true,true,0.0
"instance_4x4_1.txt",4,4,"heuristic",false,false,0.0
"instance_4x4_2.txt",4,4,"heuristic",false,false,0.0009999275207519531
"instance_4x4_3.txt",4,4,"heuristic",false,false,0.0
"instance_4x4_4.txt",4,4,"heuristic",false,false,0.0
"instance_4x4_5.txt",4,4,"heuristic",false,false,0.0
"instance_4x4_6.txt",4,4,"heuristic",false,false,0.002000093460083008
"instance_4x4_7.txt",4,4,"heuristic",false,false,0.0
"instance_4x4_8.txt",4,4,"heuristic",false,false,0.0009999275207519531
"instance_4x4_9.txt",4,4,"heuristic",false,false,0.0
"instance_4x4_10.txt",4,4,"heuristic",false,false,0.0
"instance_4x4_11.txt",4,4,"heuristic",false,false,0.0
"instance_4x4_12.txt",4,4,"heuristic",false,false,0.0
"instance_4x4_13.txt",4,4,"heuristic",false,false,0.0
"instance_4x4_14.txt",4,4,"heuristic",true,true,0.0009999275207519531
"instance_4x4_15.txt",4,4,"heuristic",false,false,0.0
"instance_4x4_16.txt",4,4,"heuristic",false,false,0.0
"instance_4x4_17.txt",4,4,"heuristic",false,false,0.0010001659393310547
"instance_4x4_18.txt",4,4,"heuristic",true,true,0.0
"instance_4x4_19.txt",4,4,"heuristic",false,false,0.0
"instance_4x4_20.txt",4,4,"heuristic",false,false,0.0
"instance_4x4_21.txt",4,4,"heuristic",true,true,0.0
"instance_4x4_22.txt",4,4,"heuristic",true,true,0.0009999275207519531
"instance_4x4_23.txt",4,4,"heuristic",true,true,0.0
"instance_4x4_24.txt",4,4,"heuristic",false,false,0.0
"instance_4x4_25.txt",4,4,"heuristic",false,false,0.0
"instance_4x4_26.txt",4,4,"heuristic",false,false,0.0
"instance_4x4_27.txt",4,4,"heuristic",false,false,0.0
"instance_4x4_28.txt",4,4,"heuristic",false,false,0.0
"instance_4x4_29.txt",4,4,"heuristic",true,true,0.0
"instance_4x4_30.txt",4,4,"heuristic",false,false,0.0010001659393310547
"instance_4x4_31.txt",4,4,"heuristic",false,false,0.0
"instance_4x4_32.txt",4,4,"heuristic",false,false,0.01699995994567871
"instance_4x4_33.txt",4,4,"heuristic",false,false,0.0
"instance_4x4_34.txt",4,4,"heuristic",false,false,0.0
"instance_4x4_35.txt",4,4,"heuristic",true,true,0.0
"instance_4x4_36.txt",4,4,"heuristic",false,false,0.0
"instance_4x4_37.txt",4,4,"heuristic",false,false,0.0
"instance_4x4_38.txt",4,4,"heuristic",false,false,0.0009999275207519531
"instance_4x4_39.txt",4,4,"heuristic",false,false,0.0009999275207519531
"instance_4x4_40.txt",4,4,"heuristic",false,false,0.0
"instance_4x4_41.txt",4,4,"heuristic",false,false,0.0
"instance_4x4_42.txt",4,4,"heuristic",false,false,0.0
"instance_4x4_43.txt",4,4,"heuristic",false,false,0.0010001659393310547
"instance_4x4_44.txt",4,4,"heuristic",false,false,0.0009999275207519531
"instance_4x4_45.txt",4,4,"heuristic",false,false,0.0
"instance_4x4_46.txt",4,4,"heuristic",false,false,0.0
"instance_4x4_47.txt",4,4,"heuristic",false,false,0.0
"instance_4x4_48.txt",4,4,"heuristic",false,false,0.0
"instance_4x4_49.txt",4,4,"heuristic",false,false,0.0
"instance_4x4_50.txt",4,4,"heuristic",false,false,0.0
"instance_5x5_1.txt",5,5,"heuristic",true,true,0.004999876022338867
"instance_5x5_2.txt",5,5,"heuristic",true,true,0.12100005149841309
"instance_5x5_3.txt",5,5,"heuristic",false,false,0.4200000762939453
"instance_5x5_4.txt",5,5,"heuristic",false,false,0.21399998664855957
"instance_5x5_5.txt",5,5,"heuristic",false,false,0.24699997901916504
"instance_5x5_6.txt",5,5,"heuristic",false,false,0.06599998474121094
"instance_5x5_7.txt",5,5,"heuristic",true,true,0.0
"instance_5x5_8.txt",5,5,"heuristic",true,true,0.013000011444091797
"instance_5x5_9.txt",5,5,"heuristic",false,false,0.1419999599456787
"instance_5x5_10.txt",5,5,"heuristic",true,true,0.015000104904174805
"instance_5x5_11.txt",5,5,"heuristic",true,true,0.0
"instance_5x5_12.txt",5,5,"heuristic",true,true,0.016000032424926758
"instance_5x5_13.txt",5,5,"heuristic",true,true,0.0
"instance_5x5_14.txt",5,5,"heuristic",false,false,0.03699994087219238
"instance_5x5_15.txt",5,5,"heuristic",true,true,0.006000041961669922
"instance_5x5_16.txt",5,5,"heuristic",false,false,0.05200004577636719
"instance_5x5_17.txt",5,5,"heuristic",true,true,0.005000114440917969
"instance_5x5_18.txt",5,5,"heuristic",true,true,0.011999845504760742
"instance_5x5_19.txt",5,5,"heuristic",true,true,0.003000020980834961
"instance_5x5_20.txt",5,5,"heuristic",true,true,0.017999887466430664
"instance_5x5_21.txt",5,5,"heuristic",true,true,0.0019998550415039062
"instance_5x5_22.txt",5,5,"heuristic",true,true,0.00800013542175293
"instance_5x5_23.txt",5,5,"heuristic",true,true,0.0
"instance_5x5_24.txt",5,5,"heuristic",true,true,0.003999948501586914
"instance_5x5_25.txt",5,5,"heuristic",true,true,0.002000093460083008
"instance_5x5_26.txt",5,5,"heuristic",true,true,0.034999847412109375
"instance_5x5_27.txt",5,5,"heuristic",true,true,0.009000062942504883
"instance_5x5_28.txt",5,5,"heuristic",true,true,0.003000020980834961
"instance_5x5_29.txt",5,5,"heuristic",true,true,0.01399993896484375
"instance_5x5_30.txt",5,5,"heuristic",true,true,0.002000093460083008
"instance_5x5_31.txt",5,5,"heuristic",true,true,0.0
"instance_5x5_32.txt",5,5,"heuristic",true,true,0.010999917984008789
"instance_5x5_33.txt",5,5,"heuristic",true,true,0.0
"instance_5x5_34.txt",5,5,"heuristic",true,true,0.010999917984008789
"instance_5x5_35.txt",5,5,"heuristic",true,true,0.003000020980834961
"instance_5x5_36.txt",5,5,"heuristic",true,true,0.010999917984008789
"instance_5x5_37.txt",5,5,"heuristic",false,false,0.042999982833862305
"instance_5x5_38.txt",5,5,"heuristic",true,true,0.006999969482421875
"instance_5x5_39.txt",5,5,"heuristic",true,true,0.0
"instance_5x5_40.txt",5,5,"heuristic",false,false,0.5249998569488525
"instance_5x5_41.txt",5,5,"heuristic",true,true,0.0
"instance_5x5_42.txt",5,5,"heuristic",false,false,0.4940001964569092
"instance_5x5_43.txt",5,5,"heuristic",true,true,0.46399998664855957
"instance_5x5_44.txt",5,5,"heuristic",true,true,0.016000032424926758
"instance_5x5_45.txt",5,5,"heuristic",true,true,0.006000041961669922
"instance_5x5_46.txt",5,5,"heuristic",true,true,0.0019998550415039062
"instance_5x5_47.txt",5,5,"heuristic",true,true,0.012000083923339844
"instance_5x5_48.txt",5,5,"heuristic",true,true,0.003999948501586914
"instance_5x5_49.txt",5,5,"heuristic",true,true,0.0019998550415039062
"instance_5x5_50.txt",5,5,"heuristic",false,false,0.03900003433227539
"instance_6x6_1.txt",6,6,"heuristic",true,true,0.48599982261657715
"instance_6x6_2.txt",6,6,"heuristic",true,true,0.3190000057220459
"instance_6x6_3.txt",6,6,"heuristic",true,true,0.0019998550415039062
"instance_6x6_4.txt",6,6,"heuristic",true,true,1.11899995803833
"instance_6x6_5.txt",6,6,"heuristic",false,false,10.000999927520752
"instance_6x6_6.txt",6,6,"heuristic",true,true,0.009000062942504883
"instance_6x6_7.txt",6,6,"heuristic",false,false,10.001999855041504
"instance_6x6_8.txt",6,6,"heuristic",true,true,0.8959999084472656
"instance_6x6_9.txt",6,6,"heuristic",true,true,0.43000006675720215
"instance_6x6_10.txt",6,6,"heuristic",true,true,2.1600000858306885
"instance_6x6_11.txt",6,6,"heuristic",true,true,2.319000005722046
"instance_6x6_12.txt",6,6,"heuristic",true,true,0.003000020980834961
"instance_6x6_13.txt",6,6,"heuristic",true,true,0.20799994468688965
"instance_6x6_14.txt",6,6,"heuristic",false,false,10.000999927520752
"instance_6x6_15.txt",6,6,"heuristic",false,false,10.000999927520752
"instance_6x6_16.txt",6,6,"heuristic",true,true,0.00800013542175293
"instance_6x6_17.txt",6,6,"heuristic",true,true,0.004999876022338867
"instance_6x6_18.txt",6,6,"heuristic",true,true,0.746999979019165
"instance_6x6_19.txt",6,6,"heuristic",true,true,1.183000087738037
"instance_6x6_20.txt",6,6,"heuristic",false,false,10.000999927520752
"instance_6x6_21.txt",6,6,"heuristic",true,true,6.924999952316284
"instance_6x6_22.txt",6,6,"heuristic",true,true,7.443000078201294
"instance_6x6_23.txt",6,6,"heuristic",true,true,3.0270001888275146
"instance_6x6_24.txt",6,6,"heuristic",true,true,7.775000095367432
"instance_6x6_25.txt",6,6,"heuristic",true,true,0.254000186920166
"instance_6x6_26.txt",6,6,"heuristic",true,true,0.09299993515014648
"instance_6x6_27.txt",6,6,"heuristic",true,true,0.497999906539917
"instance_6x6_28.txt",6,6,"heuristic",true,true,0.004999876022338867
"instance_6x6_29.txt",6,6,"heuristic",true,true,0.0
"instance_6x6_30.txt",6,6,"heuristic",true,true,0.21200013160705566
"instance_6x6_31.txt",6,6,"heuristic",true,true,0.0
"instance_6x6_32.txt",6,6,"heuristic",true,true,0.07199978828430176
"instance_6x6_33.txt",6,6,"heuristic",true,true,0.003999948501586914
"instance_6x6_34.txt",6,6,"heuristic",false,false,10.000999927520752
"instance_6x6_35.txt",6,6,"heuristic",false,false,10.000999927520752
"instance_6x6_36.txt",6,6,"heuristic",true,true,0.8629999160766602
"instance_6x6_37.txt",6,6,"heuristic",true,true,1.4029998779296875
"instance_6x6_38.txt",6,6,"heuristic",true,true,4.245999813079834
"instance_6x6_39.txt",6,6,"heuristic",true,true,0.3020000457763672
"instance_6x6_40.txt",6,6,"heuristic",true,true,0.2369999885559082
"instance_6x6_41.txt",6,6,"heuristic",false,false,10.000999927520752
"instance_6x6_42.txt",6,6,"heuristic",true,true,9.541999816894531
"instance_6x6_43.txt",6,6,"heuristic",false,false,10.000999927520752
"instance_6x6_44.txt",6,6,"heuristic",true,true,0.10099983215332031
"instance_6x6_45.txt",6,6,"heuristic",true,true,0.0009999275207519531
"instance_6x6_46.txt",6,6,"heuristic",false,false,10.000999927520752
"instance_6x6_47.txt",6,6,"heuristic",true,true,0.19099998474121094
"instance_6x6_48.txt",6,6,"heuristic",true,true,0.03800010681152344
"instance_6x6_49.txt",6,6,"heuristic",true,true,0.16199994087219238
"instance_6x6_50.txt",6,6,"heuristic",true,true,0.05799984931945801
"instance_7x7_1.txt",7,7,"heuristic",false,false,10.000999927520752
"instance_7x7_2.txt",7,7,"heuristic",true,true,2.2859997749328613
"instance_7x7_3.txt",7,7,"heuristic",true,true,0.16499996185302734
"instance_7x7_4.txt",7,7,"heuristic",false,false,10.000999927520752
"instance_7x7_5.txt",7,7,"heuristic",false,false,10.000999927520752
"instance_7x7_6.txt",7,7,"heuristic",false,false,10.002000093460083
"instance_7x7_7.txt",7,7,"heuristic",false,false,10.000999927520752
"instance_7x7_8.txt",7,7,"heuristic",true,true,2.8929998874664307
"instance_7x7_9.txt",7,7,"heuristic",false,false,10.000999927520752
"instance_7x7_10.txt",7,7,"heuristic",false,false,10.000999927520752
"instance_7x7_11.txt",7,7,"heuristic",false,false,10.002000093460083
"instance_7x7_12.txt",7,7,"heuristic",true,true,0.0009999275207519531
"instance_7x7_13.txt",7,7,"heuristic",true,true,5.992000102996826
"instance_7x7_14.txt",7,7,"heuristic",false,false,10.001000165939331
"instance_7x7_15.txt",7,7,"heuristic",false,false,10.000999927520752
"instance_7x7_16.txt",7,7,"heuristic",false,false,10.001000165939331
"instance_7x7_17.txt",7,7,"heuristic",false,false,10.001000165939331
"instance_7x7_18.txt",7,7,"heuristic",false,false,10.001000165939331
"instance_7x7_19.txt",7,7,"heuristic",false,false,10.001000165939331
"instance_7x7_20.txt",7,7,"heuristic",false,false,10.003999948501587
"instance_7x7_21.txt",7,7,"heuristic",false,false,10.001000165939331
"instance_7x7_22.txt",7,7,"heuristic",false,false,10.001000165939331
"instance_7x7_23.txt",7,7,"heuristic",false,false,10.00600004196167
"instance_7x7_24.txt",7,7,"heuristic",true,true,0.19899988174438477
"instance_7x7_25.txt",7,7,"heuristic",false,false,10.009000062942505
"instance_7x7_26.txt",7,7,"heuristic",false,false,10.00600004196167
"instance_7x7_27.txt",7,7,"heuristic",false,false,10.001000165939331
"instance_7x7_28.txt",7,7,"heuristic",true,true,2.239000082015991
"instance_7x7_29.txt",7,7,"heuristic",false,false,10.005000114440918
"instance_7x7_30.txt",7,7,"heuristic",false,false,10.000999927520752
"instance_7x7_31.txt",7,7,"heuristic",false,false,10.000999927520752
"instance_7x7_32.txt",7,7,"heuristic",false,false,10.001000165939331
"instance_7x7_33.txt",7,7,"heuristic",true,true,3.7149999141693115
"instance_7x7_34.txt",7,7,"heuristic",false,false,10.001000165939331
"instance_7x7_35.txt",7,7,"heuristic",false,false,10.000999927520752
"instance_7x7_36.txt",7,7,"heuristic",true,true,2.0450000762939453
"instance_7x7_37.txt",7,7,"heuristic",false,false,10.00600004196167
"instance_7x7_38.txt",7,7,"heuristic",false,false,10.003000020980835
"instance_7x7_39.txt",7,7,"heuristic",false,false,10.000999927520752
"instance_7x7_40.txt",7,7,"heuristic",false,false,10.004000186920166
"instance_7x7_41.txt",7,7,"heuristic",false,false,10.001000165939331
"instance_7x7_42.txt",7,7,"heuristic",false,false,10.001000165939331
"instance_7x7_43.txt",7,7,"heuristic",false,false,10.000999927520752
"instance_7x7_44.txt",7,7,"heuristic",false,false,10.003999948501587
"instance_7x7_45.txt",7,7,"heuristic",false,false,10.000999927520752
"instance_7x7_46.txt",7,7,"heuristic",false,false,10.004999876022339
"instance_7x7_47.txt",7,7,"heuristic",true,true,0.007999897003173828
"instance_7x7_48.txt",7,7,"heuristic",false,false,10.000999927520752
"instance_7x7_49.txt",7,7,"heuristic",true,true,0.0
"instance_7x7_50.txt",7,7,"heuristic",true,true,0.9340000152587891
"instance_8x8_1.txt",8,8,"heuristic",false,false,10.000999927520752
"instance_8x8_2.txt",8,8,"heuristic",false,false,10.001000165939331
"instance_8x8_3.txt",8,8,"heuristic",false,false,10.000999927520752
"instance_8x8_4.txt",8,8,"heuristic",false,false,10.000999927520752
"instance_8x8_5.txt",8,8,"heuristic",false,false,10.001999855041504
"instance_8x8_6.txt",8,8,"heuristic",true,true,6.078999996185303
"instance_8x8_7.txt",8,8,"heuristic",false,false,10.001000165939331
"instance_8x8_8.txt",8,8,"heuristic",false,false,10.001999855041504
"instance_8x8_9.txt",8,8,"heuristic",false,false,10.000999927520752
"instance_8x8_10.txt",8,8,"heuristic",false,false,10.001000165939331
"instance_8x8_11.txt",8,8,"heuristic",false,false,10.000999927520752
"instance_8x8_12.txt",8,8,"heuristic",false,false,10.003999948501587
"instance_8x8_13.txt",8,8,"heuristic",false,false,10.001000165939331
"instance_8x8_14.txt",8,8,"heuristic",false,false,10.003999948501587
"instance_8x8_15.txt",8,8,"heuristic",false,false,10.000999927520752
"instance_8x8_16.txt",8,8,"heuristic",false,false,10.000999927520752
"instance_8x8_17.txt",8,8,"heuristic",false,false,10.000999927520752
"instance_8x8_18.txt",8,8,"heuristic",false,false,10.007999897003174
"instance_8x8_19.txt",8,8,"heuristic",false,false,10.000999927520752
"instance_8x8_20.txt",8,8,"heuristic",false,false,10.005000114440918
"instance_8x8_21.txt",8,8,"heuristic",false,false,10.006999969482422
"instance_8x8_22.txt",8,8,"heuristic",false,false,10.000999927520752
"instance_8x8_23.txt",8,8,"heuristic",false,false,10.000999927520752
"instance_8x8_24.txt",8,8,"heuristic",false,false,10.005000114440918
"instance_8x8_25.txt",8,8,"heuristic",false,false,10.001000165939331
"instance_8x8_26.txt",8,8,"heuristic",false,false,10.000999927520752
"instance_8x8_27.txt",8,8,"heuristic",false,false,10.001000165939331
"instance_8x8_28.txt",8,8,"heuristic",false,false,10.001999855041504
"instance_8x8_29.txt",8,8,"heuristic",true,true,5.044000148773193
"instance_8x8_30.txt",8,8,"heuristic",false,false,10.001000165939331
"instance_8x8_31.txt",8,8,"heuristic",false,false,10.003000020980835
"instance_8x8_32.txt",8,8,"heuristic",false,false,10.000999927520752
"instance_8x8_33.txt",8,8,"heuristic",false,false,10.001000165939331
"instance_8x8_34.txt",8,8,"heuristic",false,false,10.000999927520752
"instance_8x8_35.txt",8,8,"heuristic",false,false,10.001000165939331
"instance_8x8_36.txt",8,8,"heuristic",false,false,10.001000165939331
"instance_8x8_37.txt",8,8,"heuristic",false,false,10.000999927520752
"instance_8x8_38.txt",8,8,"heuristic",false,false,10.002000093460083
"instance_8x8_39.txt",8,8,"heuristic",false,false,10.000999927520752
"instance_8x8_40.txt",8,8,"heuristic",false,false,10.000999927520752
"instance_8x8_41.txt",8,8,"heuristic",false,false,10.000999927520752
"instance_8x8_42.txt",8,8,"heuristic",true,true,0.7309999465942383
"instance_8x8_43.txt",8,8,"heuristic",true,true,0.006000041961669922
"instance_8x8_44.txt",8,8,"heuristic",false,false,10.002000093460083
"instance_8x8_45.txt",8,8,"heuristic",false,false,10.004000186920166
"instance_8x8_46.txt",8,8,"heuristic",false,false,10.002000093460083
"instance_8x8_47.txt",8,8,"heuristic",false,false,10.001000165939331
"instance_8x8_48.txt",8,8,"heuristic",false,false,10.001000165939331
"instance_8x8_49.txt",8,8,"heuristic",false,false,10.00600004196167
"instance_8x8_50.txt",8,8,"heuristic",false,false,10.00600004196167
"instance_9x9_1.txt",9,9,"heuristic",false,false,10.000999927520752
"instance_9x9_2.txt",9,9,"heuristic",false,false,10.002999782562256
"instance_9x9_3.txt",9,9,"heuristic",false,false,10.001000165939331
"instance_9x9_4.txt",9,9,"heuristic",false,false,10.001999855041504
"instance_9x9_5.txt",9,9,"heuristic",false,false,10.002000093460083
"instance_9x9_6.txt",9,9,"heuristic",false,false,10.000999927520752
"instance_9x9_7.txt",9,9,"heuristic",false,false,10.000999927520752
"instance_9x9_8.txt",9,9,"heuristic",false,false,10.001000165939331
"instance_9x9_9.txt",9,9,"heuristic",false,false,10.001000165939331
"instance_9x9_10.txt",9,9,"heuristic",true,true,3.1440000534057617
"instance_9x9_11.txt",9,9,"heuristic",true,true,6.697000026702881
"instance_9x9_12.txt",9,9,"heuristic",false,false,10.000999927520752
"instance_9x9_13.txt",9,9,"heuristic",false,false,10.000999927520752
"instance_9x9_14.txt",9,9,"heuristic",false,false,10.001000165939331
"instance_9x9_15.txt",9,9,"heuristic",true,true,0.7030000686645508
"instance_9x9_16.txt",9,9,"heuristic",false,false,10.000999927520752
"instance_9x9_17.txt",9,9,"heuristic",false,false,10.001000165939331
"instance_9x9_18.txt",9,9,"heuristic",false,false,10.002000093460083
"instance_9x9_19.txt",9,9,"heuristic",false,false,10.000999927520752
"instance_9x9_20.txt",9,9,"heuristic",false,false,10.001000165939331
"instance_9x9_21.txt",9,9,"heuristic",false,false,10.000999927520752
"instance_9x9_22.txt",9,9,"heuristic",false,false,10.002000093460083
"instance_9x9_23.txt",9,9,"heuristic",false,false,10.001999855041504
"instance_9x9_24.txt",9,9,"heuristic",false,false,10.001000165939331
"instance_9x9_25.txt",9,9,"heuristic",false,false,10.000999927520752
"instance_9x9_26.txt",9,9,"heuristic",false,false,10.001000165939331
"instance_9x9_27.txt",9,9,"heuristic",false,false,10.000999927520752
"instance_9x9_28.txt",9,9,"heuristic",false,false,10.003000020980835
"instance_9x9_29.txt",9,9,"heuristic",false,false,10.001000165939331
"instance_9x9_30.txt",9,9,"heuristic",false,false,10.000999927520752
"instance_9x9_31.txt",9,9,"heuristic",false,false,10.001000165939331
"instance_9x9_32.txt",9,9,"heuristic",false,false,10.001000165939331
"instance_9x9_33.txt",9,9,"heuristic",false,false,10.000999927520752
"instance_9x9_34.txt",9,9,"heuristic",false,false,10.000999927520752
"instance_9x9_35.txt",9,9,"heuristic",false,false,10.002000093460083
"instance_9x9_36.txt",9,9,"heuristic",false,false,10.000999927520752
"instance_9x9_37.txt",9,9,"heuristic",false,false,10.000999927520752
"instance_9x9_38.txt",9,9,"heuristic",false,false,10.000999927520752
"instance_9x9_39.txt",9,9,"heuristic",false,false,10.003000020980835
"instance_9x9_40.txt",9,9,"heuristic",false,false,10.000999927520752
"instance_9x9_41.txt",9,9,"heuristic",false,false,10.002000093460083
"instance_9x9_42.txt",9,9,"heuristic",false,false,10.000999927520752
"instance_9x9_43.txt",9,9,"heuristic",false,false,10.002000093460083
"instance_9x9_44.txt",9,9,"heuristic",false,false,10.000999927520752
"instance_9x9_45.txt",9,9,"heuristic",true,true,0.09500002861022949
"instance_9x9_46.txt",9,9,"heuristic",false,false,10.001000165939331
"instance_9x9_47.txt",9,9,"heuristic",false,false,10.000999927520752
"instance_9x9_48.txt",9,9,"heuristic",true,true,0.003999948501586914
"instance_9x9_49.txt",9,9,"heuristic",false,false,10.000999927520752
"instance_9x9_50.txt",9,9,"heuristic",false,false,10.000999927520752
"instance_10x10_1.txt",10,10,"heuristic",false,false,10.001999855041504
"instance_10x10_2.txt",10,10,"heuristic",false,false,10.001000165939331
"instance_10x10_3.txt",10,10,"heuristic",false,false,10.001000165939331
"instance_10x10_4.txt",10,10,"heuristic",false,false,10.001999855041504
"instance_10x10_5.txt",10,10,"heuristic",false,false,10.000999927520752
"instance_10x10_6.txt",10,10,"heuristic",false,false,10.000999927520752
"instance_10x10_7.txt",10,10,"heuristic",false,false,10.001000165939331
"instance_10x10_8.txt",10,10,"heuristic",false,false,10.004999876022339
"instance_10x10_9.txt",10,10,"heuristic",false,false,10.003000020980835
"instance_10x10_10.txt",10,10,"heuristic",false,false,10.003000020980835
"instance_10x10_11.txt",10,10,"heuristic",false,false,10.000999927520752
"instance_10x10_12.txt",10,10,"heuristic",false,false,10.003999948501587
"instance_10x10_13.txt",10,10,"heuristic",false,false,10.003000020980835
"instance_10x10_14.txt",10,10,"heuristic",false,false,10.000999927520752
"instance_10x10_15.txt",10,10,"heuristic",false,false,10.001000165939331
"instance_10x10_16.txt",10,10,"heuristic",false,false,10.002000093460083
"instance_10x10_17.txt",10,10,"heuristic",false,false,10.000999927520752
"instance_10x10_18.txt",10,10,"heuristic",false,false,10.006999969482422
"instance_10x10_19.txt",10,10,"heuristic",false,false,10.000999927520752
"instance_10x10_20.txt",10,10,"heuristic",false,false,10.001999855041504
"instance_10x10_21.txt",10,10,"heuristic",false,false,10.001000165939331
"instance_10x10_22.txt",10,10,"heuristic",false,false,10.001999855041504
"instance_10x10_23.txt",10,10,"heuristic",false,false,10.000999927520752
"instance_10x10_24.txt",10,10,"heuristic",false,false,10.002000093460083
"instance_10x10_25.txt",10,10,"heuristic",false,false,10.004999876022339
"instance_10x10_26.txt",10,10,"heuristic",false,false,10.001000165939331
"instance_10x10_27.txt",10,10,"heuristic",false,false,10.001000165939331
"instance_10x10_28.txt",10,10,"heuristic",false,false,10.000999927520752
"instance_10x10_29.txt",10,10,"heuristic",false,false,10.001000165939331
"instance_10x10_30.txt",10,10,"heuristic",false,false,10.000999927520752
"instance_10x10_31.txt",10,10,"heuristic",false,false,10.000999927520752
"instance_10x10_32.txt",10,10,"heuristic",false,false,10.000999927520752
"instance_10x10_33.txt",10,10,"heuristic",false,false,10.003999948501587
"instance_10x10_34.txt",10,10,"heuristic",false,false,10.000999927520752
"instance_10x10_35.txt",10,10,"heuristic",false,false,10.000999927520752
"instance_10x10_36.txt",10,10,"heuristic",false,false,10.000999927520752
"instance_10x10_37.txt",10,10,"heuristic",false,false,10.001000165939331
"instance_10x10_38.txt",10,10,"heuristic",false,false,10.000999927520752
"instance_10x10_39.txt",10,10,"heuristic",true,true,0.8400001525878906
"instance_10x10_40.txt",10,10,"heuristic",true,true,2.1019999980926514
"instance_10x10_41.txt",10,10,"heuristic",false,false,10.002000093460083
"instance_10x10_42.txt",10,10,"heuristic",false,false,10.001000165939331
"instance_10x10_43.txt",10,10,"heuristic",false,false,10.000999927520752
"instance_10x10_44.txt",10,10,"heuristic",false,false,10.001999855041504
"instance_10x10_45.txt",10,10,"heuristic",false,false,10.003000020980835
"instance_10x10_46.txt",10,10,"heuristic",false,false,10.000999927520752
"instance_10x10_47.txt",10,10,"heuristic",false,false,10.003000020980835
"instance_10x10_48.txt",10,10,"heuristic",false,false,10.000999927520752
"instance_10x10_49.txt",10,10,"heuristic",false,false,10.001000165939331
"instance_10x10_50.txt",10,10,"heuristic",false,false,10.000999927520752
"instance_11x11_1.txt",11,11,"heuristic",false,false,10.000999927520752
"instance_11x11_2.txt",11,11,"heuristic",false,false,10.000999927520752
"instance_11x11_3.txt",11,11,"heuristic",false,false,10.001000165939331
"instance_11x11_4.txt",11,11,"heuristic",false,false,10.000999927520752
"instance_11x11_5.txt",11,11,"heuristic",false,false,10.000999927520752
"instance_11x11_6.txt",11,11,"heuristic",false,false,10.004999876022339
"instance_11x11_7.txt",11,11,"heuristic",false,false,10.001000165939331
"instance_11x11_8.txt",11,11,"heuristic",false,false,10.000999927520752
"instance_11x11_9.txt",11,11,"heuristic",false,false,10.000999927520752
"instance_11x11_10.txt",11,11,"heuristic",false,false,10.003000020980835
"instance_11x11_11.txt",11,11,"heuristic",false,false,10.000999927520752
"instance_11x11_12.txt",11,11,"heuristic",false,false,10.000999927520752
"instance_11x11_13.txt",11,11,"heuristic",false,false,10.003000020980835
"instance_11x11_14.txt",11,11,"heuristic",false,false,10.001999855041504
"instance_11x11_15.txt",11,11,"heuristic",false,false,10.002000093460083
"instance_11x11_16.txt",11,11,"heuristic",false,false,10.001000165939331
"instance_11x11_17.txt",11,11,"heuristic",false,false,10.000999927520752
"instance_11x11_18.txt",11,11,"heuristic",false,false,10.000999927520752
"instance_11x11_19.txt",11,11,"heuristic",false,false,10.000999927520752
"instance_11x11_20.txt",11,11,"heuristic",false,false,10.001000165939331
"instance_11x11_21.txt",11,11,"heuristic",false,false,10.001000165939331
"instance_11x11_22.txt",11,11,"heuristic",false,false,10.000999927520752
"instance_11x11_23.txt",11,11,"heuristic",false,false,10.001000165939331
"instance_11x11_24.txt",11,11,"heuristic",false,false,10.003999948501587
"instance_11x11_25.txt",11,11,"heuristic",false,false,10.003999948501587
"instance_11x11_26.txt",11,11,"heuristic",false,false,10.001000165939331
"instance_11x11_27.txt",11,11,"heuristic",false,false,10.001999855041504
"instance_11x11_28.txt",11,11,"heuristic",false,false,10.000999927520752
"instance_11x11_29.txt",11,11,"heuristic",false,false,10.001000165939331
"instance_11x11_30.txt",11,11,"heuristic",false,false,10.001999855041504
"instance_11x11_31.txt",11,11,"heuristic",false,false,10.001999855041504
"instance_11x11_32.txt",11,11,"heuristic",false,false,10.001999855041504
"instance_11x11_33.txt",11,11,"heuristic",false,false,10.001999855041504
"instance_11x11_34.txt",11,11,"heuristic",false,false,10.004000186920166
"instance_11x11_35.txt",11,11,"heuristic",false,false,10.001000165939331
"instance_11x11_36.txt",11,11,"heuristic",false,false,10.003000020980835
"instance_11x11_37.txt",11,11,"heuristic",false,false,10.000999927520752
"instance_11x11_38.txt",11,11,"heuristic",false,false,10.00600004196167
"instance_11x11_39.txt",11,11,"heuristic",false,false,10.001000165939331
"instance_11x11_40.txt",11,11,"heuristic",false,false,10.003000020980835
"instance_11x11_41.txt",11,11,"heuristic",false,false,10.000999927520752
"instance_11x11_42.txt",11,11,"heuristic",false,false,10.003000020980835
"instance_11x11_43.txt",11,11,"heuristic",false,false,10.00600004196167
"instance_11x11_44.txt",11,11,"heuristic",false,false,10.003000020980835
"instance_11x11_45.txt",11,11,"heuristic",false,false,10.003999948501587
"instance_11x11_46.txt",11,11,"heuristic",false,false,10.000999927520752
